{"cameraMode":{"drawMode":0,"name":"Shaded","section":"Shading Mode"},"sceneLighting":true,"audioPlay":false,"sceneViewState":{"m_AlwaysRefresh":false,"showFog":true,"showSkybox":true,"showFlares":true,"showImageEffects":true,"showParticleSystems":true,"showVisualEffectGraphs":true,"m_FxEnabled":true},"in2DMode":false,"pivot":{"x":18.815242767333986,"y":64.69508361816406,"z":31.436267852783204},"rotation":{"x":0.25845131278038027,"y":-0.6626523733139038,"z":0.26267555356025698,"w":0.6520031690597534},"size":7.9784746170043949,"orthographic":false}